COUNTRY,COURSE (SPECIALIZATION),FEES_category,FEES_Smoothed_ES,COURSE TYPE_M.ENG,COURSE TYPE_M.Sc,COURSE TYPE_MASTERS OF MANAGEMENT,COURSE TYPE_MBA
GERMANY,MBA in Sales & Marketing ,High,2.978971860704302,0,0,0,1
GERMANY,MBA in Banking,Medium,1.965854526232163,0,0,0,1
GERMANY,MBA in Business Administration,Low,0.922779162182606,0,0,0,1
GERMANY,MBA in Hospital/Healthcare Management,High,1.359368431353552,0,0,0,1
GERMANY,MBA in Human Resource Management,Medium,0.8170579384985727,0,0,0,1
GERMANY,MBA in Internal Business,Medium,0.5316542571575793,0,0,0,1
GERMANY,MBA in Supply Chain & Logistics Management,Medium,0.1936413929808407,0,0,0,1
GERMANY,MBA in General Management,Medium,0.0858413093472787,0,0,0,1
GERMANY,MBA in Global Business Management,Medium,-0.0235356682800564,0,0,0,1
GERMANY,MBA in Entrepreneurship & Leadership Management,Medium,-0.1803695975152615,0,0,0,1
GERMANY,MBA in Tourism,Medium,-0.2607586817095964,0,0,0,1
GERMANY,MBA in Business Engineer,Medium,-0.2755770279677573,0,0,0,1
GERMANY,MBA in Finance,Medium,-0.2331902193688519,0,0,0,1
GERMANY,MBA in Accounting,Medium,-0.2403004699213516,0,0,0,1
GERMANY,MBA in Project Management,Medium,-0.3467269159744104,0,0,0,1
GERMANY,MBA in E-Sports Management,Medium,-0.3197761575452424,0,0,0,1
GERMANY,MASTERS OF MANAGEMENT in Hotel Management,Medium,-0.3544782951016852,0,0,1,0
GERMANY,MASTERS OF MANAGEMENT in Marketing,Medium,-0.4388894172969655,0,0,1,0
GERMANY,MASTERS OF MANAGEMENT in Event Management,Low,-0.5584737559179874,0,0,1,0
GERMANY,MASTERS OF MANAGEMENT in Luxury & Brand,Low,-0.6044902380629497,0,0,1,0
GERMANY,MASTERS OF MANAGEMENT in Logistics & Supply Chain ,Medium,-0.5669705442129804,0,0,1,0
GERMANY,MASTERS OF MANAGEMENT in International Business ,Medium,-0.5876339916748722,0,0,1,0
GERMANY,MASTERS OF MANAGEMENT in Supply Chain Management,Medium,-0.4138240856814918,0,0,1,0
GERMANY,MASTERS OF MANAGEMENT in Hospital/Healthcare Management,Medium,-0.43350423754596,0,0,1,0
GERMANY,MASTERS OF MANAGEMENT in Real Estate,High,0.3265478400854682,0,0,1,0
GERMANY,MASTERS OF MANAGEMENT in Human Resource Management,Medium,0.0847561104909117,0,0,1,0
GERMANY,MASTERS OF MANAGEMENT in Risk Management,Low,-0.2680608506030884,0,0,1,0
GERMANY,"MASTERS OF MANAGEMENT in Sports,Leisure & Tourism",Low,-0.418615165612523,0,0,1,0
GERMANY,MASTERS OF MANAGEMENT in Eco-Design & Sustainable,Medium,-0.4500503904251908,0,0,1,0
GERMANY,MASTERS OF MANAGEMENT in Tourism,Medium,-0.4588626508665495,0,0,1,0
GERMANY,MASTERS OF MANAGEMENT in Data Analysis,Medium,-0.3990692610737806,0,0,1,0
GERMANY,MASTERS OF MANAGEMENT in Digital Marketing,Medium,-0.3572138882188421,0,0,1,0
GERMANY,MASTERS OF MANAGEMENT in Fashion Management,High,0.049764292748688,0,0,1,0
GERMANY,MASTERS OF MANAGEMENT in Media Management,Medium,-0.1184155145012284,0,0,1,0
GERMANY,MASTERS OF MANAGEMENT in Psychology Management,Low,-0.5101662641965539,0,0,1,0
GERMANY,MASTERS OF MANAGEMENT in Public Relations Management,Medium,-0.4349817904047834,0,0,1,0
GERMANY,MASTERS OF MANAGEMENT in Sports Management,Medium,-0.438891493174478,0,0,1,0
GERMANY,MASTERS OF MANAGEMENT in Stratergic Management,Medium,-0.4755515849319028,0,0,1,0
GERMANY,M.ENG in Mechanical,High,-0.0025411272029838,1,0,0,0
GERMANY,M.ENG in Electrical,Medium,-0.1022597291145798,1,0,0,0
GERMANY,M.ENG in Architecture,Low,-0.4705877972139328,1,0,0,0
GERMANY,M.ENG in Civil ,Medium,-0.4298923981222439,1,0,0,0
GERMANY,M.ENG in IT & Networking,Low,-0.8311007637228446,1,0,0,0
GERMANY,M.ENG in Chemical,Low,-1.1119466196432652,1,0,0,0
GERMANY,M.ENG in Computer Science Engineering,Low,-0.9853250462961938,1,0,0,0
GERMANY,M.ENG in Aerospace,High,-0.0137421785467385,1,0,0,0
GERMANY,M.ENG in Biomedical,Low,-0.6149168741173952,1,0,0,0
GERMANY,M.ENG in Energy & Environment,Medium,-0.5309227519546674,1,0,0,0
GERMANY,M.ENG in Industrial,Medium,-0.4532805869065774,1,0,0,0
GERMANY,M.ENG in International Business,Medium,-0.4743161853310286,1,0,0,0
GERMANY,M.ENG in Production,Low,-0.6360420728946506,1,0,0,0
GERMANY,M.Sc in Physics,Medium,-0.4100171876455838,0,1,0,0
GERMANY,M.Sc in Chemistry,Medium,-0.3460311572849239,0,1,0,0
GERMANY,M.Sc in Biology,Medium,-0.3577797704563952,0,1,0,0
GERMANY,M.Sc in Psychology ,Medium,-0.3810808241394922,0,1,0,0
GERMANY,M.Sc in Nursing,Medium,-0.2315443135169728,0,1,0,0
GERMANY,M.Sc in Environment,Medium,-0.1834075905051434,0,1,0,0
GERMANY,M.Sc in Agriculture,Medium,-0.3004821081344829,0,1,0,0
GERMANY,M.Sc inBusiness & Finance,High,-0.0620475392869907,0,1,0,0
GERMANY,M.Sc inI.T,Medium,0.0671640998378926,0,1,0,0
GERMANY,M.Sc inData Science,High,0.2895361956073591,0,1,0,0
USA,MBA in Sales & Marketing,High,0.6619951729982478,0,0,0,1
USA,MBA in Business Administration,Medium,0.4125953759730461,0,0,0,1
USA,MBA in Hospital/Healthcare Management,High,0.505662200115116,0,0,0,1
USA,MBA in International Business,High,0.8226012922971292,0,0,0,1
USA,MBA in Entrepreneurship & Leadership Management,High,0.96873321193892,0,0,0,1
USA,MBA in Finance,High,1.1467510005737924,0,0,0,1
USA,MBA in Accounting,High,1.0195711373356382,0,0,0,1
USA,MBA in Project Management,High,1.0404827237818493,0,0,0,1
USA,MASTER OF MANAGEMENT in Hotel Management,High,1.848256198254874,0,0,1,0
USA,MASTER OF MANAGEMENT in Logistics & Supply Chain ,Low,1.0138547364818884,0,0,1,0
USA,MASTER OF MANAGEMENT in International Business ,High,1.3336114746903225,0,0,1,0
USA,MASTER OF MANAGEMENT in Supply Chain Management,High,2.025909801136967,0,0,1,0
USA,MASTER OF MANAGEMENT in Hospital/Healthcare Management,High,2.538055152403456,0,0,1,0
USA,"MASTER OF MANAGEMENT in Sports,Leisure & Tourism",High,2.7978843504130806,0,0,1,0
USA,MASTER OF MANAGEMENT in Wine & Gastronomy,Low,1.4018384576277276,0,0,1,0
USA,MASTER OF MANAGEMENT in Public Relations Management,High,1.3393613516854828,0,0,1,0
USA,MASTER OF MANAGEMENT in Sports Management,High,1.1443851005929324,0,0,1,0
USA,MASTER OF MANAGEMENT in Spriti Marketing,High,1.2321575173568733,0,0,1,0
USA,MASTER OF MANAGEMENT in Finance,High,1.5952483241403863,0,0,1,0
USA,MASTER OF MANAGEMENT in Eco-Design & Sustainable,Medium,1.1062038567356332,0,0,1,0
USA,M.ENG in Marine,Low,0.497790627065091,1,0,0,0
USA,M.ENG in Electrical,High,0.9683334680950916,1,0,0,0
USA,M.ENG in Architecture,High,1.7583939597466327,1,0,0,0
USA,M.ENG in IT & Networking,High,2.344118544535368,1,0,0,0
USA,M.ENG in Chemical,High,2.7214435132548256,1,0,0,0
USA,M.ENG in Aerospace,High,2.855746012222123,1,0,0,0
USA,M.ENG in Energy & Environment,High,3.0295163322097163,1,0,0,0
USA,M.ENG in Industrial,High,2.8860817309914246,1,0,0,0
USA,M.ENG in Production,Medium,2.061244382712076,1,0,0,0
USA,M.ENG in Nuclear ,Low,1.150568934890584,1,0,0,0
USA,M.ENG in Nanotechnology,Medium,0.7710424360331384,1,0,0,0
USA,M.ENG in Software,High,1.6574923614785777,1,0,0,0
USA,M.ENG in Bio Engineering,High,1.8908966117146555,1,0,0,0
USA,M.Sc in Psychology ,High,1.7217551854512825,0,1,0,0
USA,M.Sc in NeuroScience,High,2.1202918637789736,0,1,0,0
USA,M.Sc in Environment,High,2.399267538608358,0,1,0,0
USA,M.Sc in Agriculture,High,2.0964940454226704,0,1,0,0
USA,M.Sc in Forensic Science,Medium,1.4657679476191263,0,1,0,0
USA,M.Sc in Botany,Medium,1.138577980972454,0,1,0,0
USA,M.Sc in Energy & Environment,High,1.1550790180267916,0,1,0,0
USA,M.Sc in Zoology,High,1.042089550968482,0,1,0,0
USA,M.Sc in Geology,High,1.6801982386216827,0,1,0,0
CANADA,MBA in Executive MBA,High,1.4780460219108698,0,0,0,1
CANADA,MBA in Banking,Medium,1.1167542703643163,0,0,0,1
CANADA,MBA in Business Administration,High,1.7548662811789466,0,0,0,1
CANADA,MBA in Hospital/Healthcare Management,High,1.5703258982813977,0,0,0,1
CANADA,MBA in Human Resource Management,Medium,1.1561886357476818,0,0,0,1
CANADA,MBA in International Business,Medium,0.8914541000500847,0,0,0,1
CANADA,MBA in Entrepreneurship & Leadership Management,Medium,0.7061399250617666,0,0,0,1
CANADA,MBA in Project Management,Medium,0.5018843745973425,0,0,0,1
CANADA,MBA in Marketing,Medium,0.2877298634787819,0,0,0,1
CANADA,MASTERS OF MANAGEMENT in Hotel Management,Low,-0.0186364270554795,0,0,1,0
CANADA,MASTERS OF MANAGEMENT in Marketing,Low,-0.2407361943885008,0,0,1,0
CANADA,MASTERS OF MANAGEMENT in Event Management,Low,-0.399976414816958,0,0,1,0
CANADA,MASTERS OF MANAGEMENT in Logistics & Supply Chain ,Low,-0.5598183486990159,0,0,1,0
CANADA,MASTERS OF MANAGEMENT in International Business ,High,0.1974300478701951,0,0,1,0
CANADA,MASTERS OF MANAGEMENT in Supply Chain Management,Medium,0.1248323293748255,0,0,1,0
CANADA,MASTERS OF MANAGEMENT in Hospital/Healthcare Management,High,1.0025544665538637,0,0,1,0
CANADA,MASTERS OF MANAGEMENT in Real Estate,Low,0.4176186098857876,0,0,1,0
CANADA,MASTERS OF MANAGEMENT in Human Resource Management,Low,0.0209879472603923,0,0,1,0
CANADA,MASTERS OF MANAGEMENT in Risk Management,Medium,-0.1674723806584439,0,0,1,0
CANADA,"MASTERS OF MANAGEMENT in Sports,Leisure & Tourism",Low,-0.4398734942896018,0,0,1,0
CANADA,MASTERS OF MANAGEMENT in Eco-Design & Sustainable,High,0.1933901567915767,0,0,1,0
CANADA,MASTERS OF MANAGEMENT in Tourism,Medium,0.1687366523799075,0,0,1,0
CANADA,MASTERS OF MANAGEMENT in Data Analysis,High,0.8354064277164394,0,0,1,0
CANADA,MASTERS OF MANAGEMENT in Digital Marketing,High,1.1659566972148554,0,0,1,0
CANADA,MASTERS OF MANAGEMENT in Leadership,Medium,0.8662050000847206,0,0,1,0
CANADA,MASTERS OF MANAGEMENT in Public Relations Management,Medium,0.4119963392480662,0,0,1,0
CANADA,MASTERS OF MANAGEMENT in Sports Management,High,1.2461464041111407,0,0,1,0
CANADA,MASTERS OF MANAGEMENT in Stratergic Management,Medium,0.6901385391370799,0,0,1,0
CANADA,MASTERS OF MANAGEMENT in Business Analytics,High,1.0036608861403815,0,0,1,0
CANADA,MASTERS OF MANAGEMENT in Purchasing & resourcing,Low,0.379919792469576,0,0,1,0
CANADA,MASTERS OF MANAGEMENT in Project Management,High,1.2236928213661973,0,0,1,0
CANADA,M.ENG in Mechanical,High,1.6199154762003447,1,0,0,0
CANADA,M.ENG in Electrical,Low,0.8996070784246053,1,0,0,0
CANADA,M.ENG in Architecture,Medium,0.4334448952679278,1,0,0,0
CANADA,M.ENG in Civil ,Medium,0.1208371018306289,1,0,0,0
CANADA,M.ENG in IT & Networking,Medium,0.1628606939418876,1,0,0,0
CANADA,M.ENG in Chemical,High,0.8773329870033276,1,0,0,0
CANADA,M.ENG in Computer Science Engineering,High,1.1419043341921549,1,0,0,0
CANADA,M.ENG in Aerospace,High,1.562663535178515,1,0,0,0
CANADA,M.ENG in Agriculture,Medium,0.8975844149956649,1,0,0,0
CANADA,M.ENG in Biomedical,Low,0.2057638960615666,1,0,0,0
CANADA,M.ENG in Biology,Low,-0.2145934725391133,1,0,0,0
CANADA,M.ENG in Environmental,High,0.4447045636789847,1,0,0,0
CANADA,M.ENG in Mining,Medium,0.1673717231058072,1,0,0,0
CANADA,M.ENG in Industrial,Medium,0.0259984650777576,1,0,0,0
CANADA,M.ENG in Nanotechnology,High,0.1944266982517155,1,0,0,0
CANADA,M.ENG in Nuclear ,Medium,0.040397098747021,1,0,0,0
CANADA,M.ENG in Software,High,0.8588598189018142,1,0,0,0
CANADA,M.ENG in Texttile,Low,0.4042385275809856,1,0,0,0
CANADA,M.Sc in Physics,High,0.935856536937248,0,1,0,0
CANADA,M.Sc inChemistry,Low,0.2871550436229396,0,1,0,0
CANADA,M.Sc inBiology,High,0.6591980154701405,0,1,0,0
CANADA,M.Sc inPsychology ,Low,0.1191600264737885,0,1,0,0
CANADA,M.Sc inNursing,Low,-0.2245077296671544,0,1,0,0
CANADA,M.Sc inEnvironment,Low,-0.6153047919755646,0,1,0,0
CANADA,M.Sc inAgriculture,Medium,-0.3130168600951598,0,1,0,0
CANADA,M.Sc inEnergy & Environment,Low,-0.4180479982084291,0,1,0,0
CANADA,M.Sc inZoology,Medium,-0.3660774892872467,0,1,0,0
CANADA,M.Sc inMathematics,High,0.2741610276945673,0,1,0,0
FRANCE,MBA in Sales & Marketing,High,0.4532803246412116,0,0,0,1
FRANCE,MBA inBanking,Low,0.0471987839045557,0,0,0,1
FRANCE,MBA inBusiness Administration,High,0.5752162985723153,0,0,0,1
FRANCE,MBA in Hospital/Healthcare Management,Low,0.117476941193262,0,0,0,1
FRANCE,MBA in Human Resource Management,Low,-0.2975489254643168,0,0,0,1
FRANCE,MBA in Internal Business,High,0.0530833574299928,0,0,0,1
FRANCE,MBA in Supply Chain & Logistics Management,Medium,-0.1028997722968063,0,0,0,1
FRANCE,MBA in Entrepreneurship & Leadership Management,Medium,-0.2629729149228276,0,0,0,1
FRANCE,MBA in Tourism,Low,-0.4918710386800247,0,0,0,1
FRANCE,MBA in Business Engineer,Medium,-0.4983140966798287,0,0,0,1
FRANCE,MBA in Finance,Low,-0.5819786063089206,0,0,0,1
FRANCE,MBA in Accounting,Low,-0.6774824677605366,0,0,0,1
FRANCE,MBA in Project Management,Medium,-0.665180801747439,0,0,0,1
FRANCE,MBA in Gastronomy,Medium,-0.4194834556291384,0,0,0,1
FRANCE,MBA in Information Technology,Medium,-0.3228804273044425,0,0,0,1
FRANCE,MBA in Leadership Management,High,0.6007396545598509,0,0,0,1
FRANCE,MBA in Luxury Management,Medium,0.2993059152282745,0,0,0,1
FRANCE,MBA in Wine Marketing & Management,Low,-0.0247753753303041,0,0,0,1
FRANCE,MASTERS OF MANAGEMENT in Hotel Management,Low,-0.3965953902877418,0,0,1,0
FRANCE,MASTERS OF MANAGEMENT in Management,Medium,-0.1722387617118529,0,0,1,0
FRANCE,MASTERS OF MANAGEMENT in Marketing,High,0.2884121735691734,0,0,1,0
FRANCE,MASTERS OF MANAGEMENT in Event Management,Medium,0.1281229115507149,0,0,1,0
FRANCE,MASTERS OF MANAGEMENT in Luxury and Brand,Medium,-0.0303940246550841,0,0,1,0
FRANCE,MASTERS OF MANAGEMENT in Digital Marketing & E-Business,High,0.1362850301278385,0,0,1,0
FRANCE,MASTERS OF MANAGEMENT in Logistic and Supply Chain,Low,-0.1058952319783501,0,0,1,0
FRANCE,MASTERS OF MANAGEMENT in International Corporate Finance,Low,-0.2754214154526823,0,0,1,0
FRANCE,MASTERS OF MANAGEMENT in International Business,Low,-0.4620834347109894,0,0,1,0
FRANCE,MASTERS OF MANAGEMENT in Real Estate,Low,-0.543640295331176,0,0,1,0
FRANCE,MASTERS OF MANAGEMENT in Human Resource ,Medium,-0.3363101787820863,0,0,1,0
FRANCE,MASTERS OF MANAGEMENT in Risk Management,Medium,-0.1987339540554245,0,0,1,0
FRANCE,MASTERS OF MANAGEMENT in International Sports And Event Management,Medium,-0.1250951589626506,0,0,1,0
FRANCE,M.ENG in ME/M.TECH,Low,-0.4021841837783528,1,0,0,0
FRANCE,M.ENG in Electtical Engineering,Low,-0.5848142200413998,1,0,0,0
FRANCE,M.ENG in Architecture,Medium,-0.3726867829369442,1,0,0,0
FRANCE,M.ENG in Civil Engineering,Low,-0.7152631348203662,1,0,0,0
FRANCE,M.ENG in IT Engineering,Low,-0.7583381643904145,1,0,0,0
FRANCE,M.ENG in Computer Engineering,Medium,-0.6546942062427257,1,0,0,0
FRANCE,M.ENG in Aerospace Engineering,Low,-0.9882168788183892,1,0,0,0
FRANCE,M.ENG in Agriculture,Low,-1.0653518220624212,1,0,0,0
FRANCE,M.ENG in Biology,Medium,-0.8051431684555229,1,0,0,0
FRANCE,M.ENG in Biomedical,Low,-0.8168058379869956,1,0,0,0
FRANCE,M.ENG in Business Administration,Medium,-0.5731664810303219,1,0,0,0
FRANCE,M.ENG in Energy Engineering,Low,-0.9012880642684762,1,0,0,0
FRANCE,M.ENG in Food Technology,Low,-0.9475328135930062,1,0,0,0
FRANCE,"M.ENG in 
Industrial",Low,-1.116629871493229,1,0,0,0
FRANCE,M.ENG in Materials,Low,-1.281712437592511,1,0,0,0
FRANCE,M.ENG in Nuclear ,Medium,-1.0847000156230593,1,0,0,0
FRANCE,M.ENG in Production,Medium,-0.9278016350537414,1,0,0,0
FRANCE,"M.ENG in 
Risk Management",Medium,-0.7704985556784647,1,0,0,0
FRANCE,M.ENG in Texttile,High,-0.0432216314179668,1,0,0,0
FRANCE,M.ENG in Transportation,Low,-0.2975131291018251,1,0,0,0
FRANCE,M.Sc in Physics,Medium,-0.2676560833831056,0,1,0,0
FRANCE,M.Sc in Chemistry,Low,-0.8116233270626138,0,1,0,0
FRANCE,M.Sc in Biology,Low,-1.192400397638269,0,1,0,0
FRANCE,M.Sc in Botany,High,-0.5664291430782501,0,1,0,0
FRANCE,M.Sc in Agriculture,High,0.2895238093091995,0,1,0,0
FRANCE,M.Sc in Security Science,Low,-0.1177624391267733,0,1,0,0
FRANCE,M.Sc in Mathematics,Low,-0.5737699797482694,0,1,0,0
FRANCE,M.Sc in Business & Finance,Medium,-0.5530598932697569,0,1,0,0
CHINA,MBA in International Business,Medium,-0.5365986779270328,0,0,0,1
CHINA,MBA in General Management,Low,-0.6473855459575214,0,0,0,1
CHINA,MBA in Global Business Management,Medium,-0.573606564053311,0,0,0,1
CHINA,MBA in Executive MBA,Medium,-0.5697358480581054,0,0,0,1
CHINA,MASTERS OF MANAGEMENT in Marketing,Low,-0.9522446279758566,0,0,1,0
CHINA,MASTERS OF MANAGEMENT in Logistics & Supply Chain ,Low,-1.2036954099527464,0,0,1,0
CHINA,MASTERS OF MANAGEMENT in International Business ,Low,-1.3555905972567477,0,0,1,0
CHINA,MASTERS OF MANAGEMENT in Finance,Low,-1.4812135147619625,0,0,1,0
CHINA,MASTERS OF MANAGEMENT in Hospital/Healthcare Management,High,0.0758589937424645,0,0,1,0
CHINA,MASTERS OF MANAGEMENT in Human Resource Management,Low,-0.4343349312304734,0,0,1,0
CHINA,MASTERS OF MANAGEMENT in Risk Management,Low,-0.8623845397697989,0,0,1,0
CHINA,MASTERS OF MANAGEMENT in Project Management,Low,-1.1407933482085062,0,0,1,0
CHINA,MASTERS OF MANAGEMENT in Environment,Low,-1.3115591540357794,0,0,1,0
CHINA,MASTERS OF MANAGEMENT in Finance,Low,-1.4841600077833137,0,0,1,0
CHINA,M.ENG in Mechanical,Low,-1.5097260044694083,1,0,0,0
CHINA,M.ENG in Electrical,Medium,-1.0519188002687256,1,0,0,0
CHINA,"M.ENG in 
Architecture",Low,-0.9999561264281134,1,0,0,0
CHINA,M.ENG in Civil ,Medium,-0.6950798856398194,1,0,0,0
CHINA,M.ENG in Chemical,Low,-0.8615430242031221,1,0,0,0
CHINA,M.ENG in Computer Science Engineering,Medium,-0.598145618542095,1,0,0,0
CHINA,M.ENG in Agriculture,Low,-0.9462371919248456,1,0,0,0
CHINA,M.ENG in Biomedical,Low,-1.1246860510210948,1,0,0,0
CHINA,M.ENG in Environmental,Low,-1.3244587029200097,1,0,0,0
CHINA,"M.ENG in 
Food Technology",Low,-1.5086583147374606,1,0,0,0
CHINA,M.ENG in Industrial,Low,-1.5932392875214656,1,0,0,0
CHINA,M.Sc in Physics,Low,-1.6138731354308125,0,1,0,0
CHINA,M.Sc in Chemistry,Low,-1.6042088083176946,0,1,0,0
CHINA,M.Sc in Environment,Low,-1.698697461888478,0,1,0,0
CHINA,M.Sc in Agriculture,Low,-1.726266690527178,0,1,0,0
CHINA,M.Sc in Mathematics,Low,-1.7744947753538605,0,1,0,0
UK,MBA in Sales & Marketing,Medium,-1.1184758050678123,0,0,0,1
UK,MBA in Banking,High,-0.3163751007647795,0,0,0,1
UK,MBA in Business Administration,High,0.9553748924190536,0,0,0,1
UK,MBA in Human Resource Management,High,1.1353203874760265,0,0,0,1
UK,MBA in International Business,Medium,0.6397876750219428,0,0,0,1
UK,MBA in Entrepreneurship & Leadership Management,Medium,0.3373072448036537,0,0,0,1
UK,MASTERS OF MANAGEMENT in Hotel Management,Medium,0.2461590173218598,0,0,1,0
UK,MASTERS OF MANAGEMENT in Marketing,High,0.511866218566496,0,0,1,0
UK,MASTERS OF MANAGEMENT in Luxury & Brand ,Medium,0.3684101449832015,0,0,1,0
UK,MASTERS OF MANAGEMENT in Logistics & Supply Chain ,High,0.702385368135009,0,0,1,0
UK,MASTERS OF MANAGEMENT in International Business ,Medium,0.5856505316108864,0,0,1,0
UK,MASTERS OF MANAGEMENT in Supply Chain Management,Medium,0.5458746349195601,0,0,1,0
UK,MASTERS OF MANAGEMENT in Real Estate,Medium,0.5034634038285106,0,0,1,0
UK,MASTERS OF MANAGEMENT in Human Resource Management,High,0.6422358369697141,0,0,1,0
UK,"MASTERS OF MANAGEMENT in Sports,Leisure & Tourism",Medium,0.2698420218252283,0,0,1,0
UK,MASTERS OF MANAGEMENT in Communication,Medium,0.1945786288281595,0,0,1,0
UK,MASTERS OF MANAGEMENT in Banking,Medium,0.1992837692216161,0,0,1,0
UK,MASTERS OF MANAGEMENT in Digital Marketing,Medium,0.1584315873140957,0,0,1,0
UK,MASTERS OF MANAGEMENT in Project Management,High,0.5337689471902227,0,0,1,0
UK,MASTERS OF MANAGEMENT in Entrepreneurship & Leadership Management,High,0.954800298471241,0,0,1,0
UK,MASTERS OF MANAGEMENT in Environment,Medium,0.687293157788833,0,0,1,0
UK,MASTERS OF MANAGEMENT in Fashion,High,0.6790934407914133,0,0,1,0
UK,MASTERS OF MANAGEMENT in Sports,High,0.6496915008154499,0,0,1,0
UK,MASTERS OF MANAGEMENT in Stratergic Management,High,1.0359460860089005,0,0,1,0
UK,M.ENG in Mechanical,High,1.459256844685942,1,0,0,0
UK,M.ENG in Marine,Low,0.6651736064948259,1,0,0,0
UK,M.ENG in Electrical,High,0.7494291545029853,1,0,0,0
UK,M.ENG in Architecture,High,0.8407227492527516,1,0,0,0
UK,M.ENG in Civil Engineering,High,1.3226005089566375,1,0,0,0
UK,M.ENG in Chemical,High,1.5627942235111674,1,0,0,0
UK,M.ENG in Computer Engineering,High,1.5967266534474995,1,0,0,0
UK,M.ENG in Aerospace Engineering,High,1.5538192287920698,1,0,0,0
UK,M.ENG in Agriculture,High,1.3052624177473404,1,0,0,0
UK,M.ENG in Biomedical,High,1.18424758707128,1,0,0,0
UK,M.ENG in Energy Engineering,High,1.268174084308999,1,0,0,0
UK,M.ENG in Industrial,High,1.381221941707917,1,0,0,0
UK,M.ENG in Materials,High,1.1844443167884329,1,0,0,0
UK,M.ENG in Textile,Medium,0.7542783331512987,1,0,0,0
UK,M.Sc in Physics,High,1.0546042520793837,0,1,0,0
UK,M.Sc in Biotechnology,High,1.3597458212598523,0,1,0,0
UK,M.Sc in Chemistry,High,1.5932105205595728,0,1,0,0
UK,M.Sc in Biology,High,1.5623943797716044,0,1,0,0
UK,M.Sc in Psychology ,High,1.827770650319835,0,1,0,0
UK,M.Sc in Business Analytics,High,2.1415568018162627,0,1,0,0
UK,M.Sc in Environment,High,2.2303136585979937,0,1,0,0
UK,M.Sc in Botany,Medium,1.5880236623081132,0,1,0,0
UK,M.Sc in Forensic Science,Low,0.6931721090652336,0,1,0,0
UK,M.Sc in Mathematics,High,0.932367491725568,0,1,0,0
UK,M.Sc in Zoology,Medium,0.6029839976647395,0,1,0,0
AUSTRALIA,MBA in Sales & Marketing,Medium,0.5385086150103515,0,0,0,1
AUSTRALIA,MBA in Supply Chain & Logistics Management,Medium,0.4130257568365783,0,0,0,1
AUSTRALIA,MBA in Business Administration,High,0.5443243607486211,0,0,0,1
AUSTRALIA,MBA in Entrepreneurship & Leadership Management,Medium,0.3073002075250609,0,0,0,1
AUSTRALIA,MBA in Executive MBA,High,1.101247289553606,0,0,0,1
AUSTRALIA,MBA in Finance,Medium,0.753071747636378,0,0,0,1
AUSTRALIA,MASTERS OF MANAGEMENT in Hotel Management,Medium,0.4728260980696331,0,0,1,0
AUSTRALIA,MASTERS OF MANAGEMENT in Marketing,Medium,0.235566030526421,0,0,1,0
AUSTRALIA,MASTERS OF MANAGEMENT in Logistics & Supply Chain ,Medium,0.1995963419862596,0,0,1,0
AUSTRALIA,MASTERS OF MANAGEMENT in Finance,Medium,0.1675695439861374,0,0,1,0
AUSTRALIA,MASTERS OF MANAGEMENT in International Business ,Medium,0.1451507853860519,0,0,1,0
AUSTRALIA,MASTERS OF MANAGEMENT in Supply Chain Management,High,0.3107931940108955,0,0,1,0
AUSTRALIA,MASTERS OF MANAGEMENT in Human Resource Management,High,0.5406939156278129,0,0,1,0
AUSTRALIA,MASTERS OF MANAGEMENT in Banking,High,0.7662697217591149,0,0,1,0
AUSTRALIA,MASTERS OF MANAGEMENT in Accounting,High,0.9698262456979287,0,0,1,0
AUSTRALIA,MASTERS OF MANAGEMENT in Communication,High,0.9164168160154468,0,0,1,0
AUSTRALIA,MASTERS OF MANAGEMENT in Business Administration,High,0.9646304510309984,0,0,1,0
AUSTRALIA,MASTERS OF MANAGEMENT in Project Management,High,1.0630252965413445,0,0,1,0
AUSTRALIA,MASTERS OF MANAGEMENT in Entrepreneurship & Leadership Management,Medium,0.7144464516824466,0,0,1,0
AUSTRALIA,MASTERS OF MANAGEMENT in Environment,Medium,0.5188339271726449,0,0,1,0
AUSTRALIA,M.ENG in Mechanical,High,0.6636783125553137,1,0,0,0
AUSTRALIA,M.ENG in Electrical,High,0.7745653029994616,1,0,0,0
AUSTRALIA,M.ENG in Architecture,Medium,0.5791785061175944,1,0,0,0
AUSTRALIA,M.ENG in Civil Engineering,High,0.7054629839724583,1,0,0,0
AUSTRALIA,M.ENG in Chemical,High,0.6708716960593781,1,0,0,0
AUSTRALIA,M.ENG in Computer Engineering,High,0.714316223070799,1,0,0,0
AUSTRALIA,M.ENG in Mining,High,0.6625511662858141,1,0,0,0
AUSTRALIA,M.ENG in Aerospace Engineering,High,0.708491852229304,1,0,0,0
AUSTRALIA,M.ENG in Agriculture,High,0.7885864654368545,1,0,0,0
AUSTRALIA,M.ENG in Biological,High,0.8525050893402615,1,0,0,0
AUSTRALIA,M.ENG in Mechatronics,High,0.7592833726744381,1,0,0,0
AUSTRALIA,M.ENG in Energy Engineering,High,0.6940281710083611,1,0,0,0
AUSTRALIA,M.ENG in Food Technology,High,0.7848533749384928,1,0,0,0
AUSTRALIA,M.ENG in Software,High,0.7119271725931993,1,0,0,0
AUSTRALIA,M.Sc in Physics,High,0.654030810750877,0,1,0,0
AUSTRALIA,M.Sc in Chemistry,Medium,0.4491509018966833,0,1,0,0
AUSTRALIA,"M.Sc in 
Biology",High,0.6517881921622832,0,1,0,0
AUSTRALIA,M.Sc in Psychology ,High,0.7560158438971489,0,1,0,0
AUSTRALIA,M.Sc in Environment,High,0.8665936515626087,0,1,0,0
AUSTRALIA,M.Sc in Agriculture,High,0.8749700826662862,0,1,0,0
AUSTRALIA,M.Sc in Mathematics,High,0.8069662872483216,0,1,0,0
AUSTRALIA,M.Sc in Communication,Medium,0.6787396240120611,0,1,0,0
RUSSIA,MBA in Executive MBA,Medium,0.3159983704536641,0,0,0,1
RUSSIA,MBA in Finance,Low,-0.2647373976008931,0,0,0,1
RUSSIA,MASTER OF MANAGEMENT in Marketing,Low,-0.7409324702822504,0,0,1,0
RUSSIA,MASTER OF MANAGEMENT in Management,Low,-1.075401779176567,0,0,1,0
RUSSIA,MASTER OF MANAGEMENT in Finance,Low,-1.2423201771952956,0,0,1,0
RUSSIA,MASTER OF MANAGEMENT in International Business,Low,-1.3061123773000214,0,0,1,0
RUSSIA,MASTER OF MANAGEMENT in Business Administration,Low,-1.4996486483627618,0,0,1,0
RUSSIA,MASTER OF MANAGEMENT in Economics,Low,-1.5021763892039746,0,0,1,0
RUSSIA,MASTER OF MANAGEMENT in Commerce,Low,-1.4992259945598534,0,0,1,0
RUSSIA,M.ENG in Electrical,Low,-1.5366938623819353,1,0,0,0
RUSSIA,M.ENG in Civil Engineering,Low,-1.564582742711386,1,0,0,0
RUSSIA,M.ENG in Computer Engineering,Low,-1.606306953403258,1,0,0,0
RUSSIA,M.ENG in Biology,Low,-1.6543931454622307,1,0,0,0
RUSSIA,M.ENG in Biomedical,Low,-1.6791802345355595,1,0,0,0
RUSSIA,M.ENG in Mechatronics,Low,-1.6865251976801794,1,0,0,0
RUSSIA,M.ENG in Nanotechnology,Low,-1.6754305182043172,1,0,0,0
RUSSIA,M.ENG in Nuclear,Low,-1.661698401787053,1,0,0,0
RUSSIA,M.Sc in Physics,Low,-1.7019271309864072,0,1,0,0
RUSSIA,M.Sc in Chemistry,Low,-1.7904630703393387,0,1,0,0
RUSSIA,M.Sc in Biology,Low,-1.7681990316577574,0,1,0,0
RUSSIA,M.Sc in Psychology ,Low,-1.799094907481351,0,1,0,0
RUSSIA,M.Sc in Mathematics,Low,-1.732895769113629,0,1,0,0
SINGAPORE,MBA in Banking,Medium,-1.2749614748231557,0,0,0,1
SINGAPORE,MBA in Business Administration,High,-0.6637478121883659,0,0,0,1
SINGAPORE,MBA in Supplychain & Logistics Management,Medium,-0.4296713527649849,0,0,0,1
SINGAPORE,MBA in Finance,Medium,-0.3541669852920048,0,0,0,1
SINGAPORE,MBA in Marketing,Medium,-0.282169454684824,0,0,0,1
SINGAPORE,MASTERS OF MANAGEMENT in Hotel Management,Medium,-0.1522698811020297,0,0,1,0
SINGAPORE,MASTERS OF MANAGEMENT in Marketing,Medium,-0.1010778957911205,0,0,1,0
SINGAPORE,MASTERS OF MANAGEMENT in Logistics & Supply Chain ,Medium,-0.0434343300379563,0,0,1,0
SINGAPORE,MASTERS OF MANAGEMENT in Finance,Medium,-0.0248930100462692,0,0,1,0
SINGAPORE,MASTERS OF MANAGEMENT in International Business ,High,0.1738131666846279,0,0,1,0
SINGAPORE,MASTERS OF MANAGEMENT in Supply Chain Management,Medium,0.1669179538565864,0,0,1,0
SINGAPORE,MASTERS OF MANAGEMENT in Hospital/Healthcare Management,Medium,0.0814775527379172,0,0,1,0
SINGAPORE,MASTERS OF MANAGEMENT in Retail,Low,-0.3002424423139042,0,0,1,0
SINGAPORE,MASTERS OF MANAGEMENT in Human Resource Management,Medium,-0.3177663013940177,0,0,1,0
SINGAPORE,MASTERS OF MANAGEMENT in Aviation,Medium,-0.1771876737984653,0,0,1,0
SINGAPORE,MASTERS OF MANAGEMENT in Accounting,High,0.1046938485289175,0,0,1,0
SINGAPORE,MASTERS OF MANAGEMENT in Operations,Medium,0.1185344311475891,0,0,1,0
SINGAPORE,MASTERS OF MANAGEMENT in Communication,High,0.2618978247925219,0,0,1,0
SINGAPORE,MASTERS OF MANAGEMENT in Entrepreneurship & Leadership Management,Low,-0.1882807360994265,0,0,1,0
SINGAPORE,MASTERS OF MANAGEMENT in Project Management,High,0.084898734126675,0,0,1,0
SINGAPORE,M.ENG in Mechanical,Medium,0.1125943497532986,1,0,0,0
SINGAPORE,M.ENG in Electrical,Low,-0.253288292838725,1,0,0,0
SINGAPORE,M.ENG in Architecture,Medium,-0.1241365691224812,1,0,0,0
SINGAPORE,M.ENG in Civil Engineering,High,0.2555322641928381,1,0,0,0
SINGAPORE,M.ENG in Computer Engineering,High,0.4907469069243262,1,0,0,0
SINGAPORE,M.ENG in Aerospace Engineering,Medium,0.3887715720243754,1,0,0,0
SINGAPORE,M.ENG in Biomedical,Medium,0.3253053362816888,1,0,0,0
SINGAPORE,M.ENG in Energy Engineering,High,0.6183649727325568,1,0,0,0
SINGAPORE,M.ENG in Mechatronics,Low,0.0379624480359303,1,0,0,0
SINGAPORE,M.Sc in Biology,Low,-0.2752616592092757,0,1,0,0
ITALY,MBA in Business Administration,Low,-0.4578689767247216,0,0,0,1
ITALY,MBA in International Business,Medium,-0.2681173648443876,0,0,0,1
ITALY,MBA in Operations,Low,-0.4528679706693003,0,0,0,1
ITALY,MASTERS OF MANAGEMENT in Hotel Management,Low,-0.9173888127118648,0,0,1,0
ITALY,MASTERS OF MANAGEMENT in Marketing,Medium,-0.8047505871621752,0,0,1,0
ITALY,MASTERS OF MANAGEMENT in Luxury And Brand,Medium,-0.6961876567097443,0,0,1,0
ITALY,MASTERS OF MANAGEMENT in Global Business Management,Low,-0.7827627772079329,0,0,1,0
ITALY,MASTERS OF MANAGEMENT in Finance,Low,-1.080602919906858,0,0,1,0
ITALY,MASTERS OF MANAGEMENT in International Business,Low,-0.9845573934455316,0,0,1,0
ITALY,MASTERS OF MANAGEMENT in Supply Chain Management,Medium,-0.7842456272474027,0,0,1,0
ITALY,MASTERS OF MANAGEMENT in Human Resource Management,Medium,-0.6440271819783001,0,0,1,0
ITALY,MASTERS OF MANAGEMENT in Tourism Management,Low,-0.9333939073620134,0,0,1,0
ITALY,MASTERS OF MANAGEMENT in Operations,Low,-0.918561550431638,0,0,1,0
ITALY,MASTERS OF MANAGEMENT in Project Management,Medium,-0.7380485371376773,0,0,1,0
ITALY,MASTERS OF MANAGEMENT in Communication,Medium,-0.3772874730399488,0,0,1,0
ITALY,MASTERS OF MANAGEMENT in Data Analysis,Low,-0.4922363884227156,0,0,1,0
ITALY,MASTERS OF MANAGEMENT in Digital Marketing,Medium,-0.439620714801019,0,0,1,0
ITALY,MASTERS OF MANAGEMENT in ENTREPRENEURSHIP AND LEADERSHIP,Low,-0.900175922461364,0,0,1,0
ITALY,MASTERS OF MANAGEMENT in Environment,Low,-1.2225645678236057,0,0,1,0
ITALY,MASTERS OF MANAGEMENT in Fashion Management,Medium,-0.7088869596732177,0,0,1,0
ITALY,MASTERS OF MANAGEMENT in Luxury And Brand,Medium,-0.3493126339679464,0,0,1,0
ITALY,MASTERS OF MANAGEMENT in Sports,Medium,-0.3395740866826806,0,0,1,0
ITALY,M.ENG in Mechanical,Low,-0.5028876759561047,1,0,0,0
ITALY,M.ENG in Electrical,Low,-0.8971286910277821,1,0,0,0
ITALY,M.ENG in Architechture,Low,-0.8931758989976762,1,0,0,0
ITALY,"M.ENG in 
Civil",Low,-1.1578920090516889,1,0,0,0
ITALY,M.ENG in IT & Networking,Low,-1.3403577786392498,1,0,0,0
ITALY,M.ENG in Chemical,Low,-1.2034362603257036,1,0,0,0
ITALY,M.ENG in Computer Science Engineering,Low,-1.1075911975062214,1,0,0,0
ITALY,M.ENG in Aerospace Engineering,Low,-1.0404996535325837,1,0,0,0
ITALY,M.ENG in Biomedical,Low,-0.9935355727510372,1,0,0,0
ITALY,M.ENG in Electrical,Low,-0.960660716203955,1,0,0,0
ITALY,M.ENG in Energy & Environment,Low,-1.0892189736618865,1,0,0,0
ITALY,M.ENG in Food Technology,Low,-1.2622587571233137,1,0,0,0
ITALY,M.ENG in Industrial,Low,-1.4286105627656622,1,0,0,0
ITALY,M.ENG in Materials,Low,-1.4734081866465871,1,0,0,0
ITALY,M.ENG in Mechatronics,Low,-1.489666704592167,1,0,0,0
ITALY,M.ENG in Nanotechnology,Low,-1.538797214081743,1,0,0,0
ITALY,M.ENG in Nuclear,Low,-1.5882883894955144,1,0,0,0
ITALY,M.ENG in Production,Low,-1.585182665357484,1,0,0,0
ITALY,M.Sc in Physics,Low,-1.5830086584608627,0,1,0,0
ITALY,M.Sc in Chemistry,Low,-1.6381111740247334,0,1,0,0
ITALY,M.Sc in Biology,Low,-1.6842328443049774,0,1,0,0
ITALY,M.Sc in Environment,Low,-1.5617448710976989,0,1,0,0
ITALY,M.Sc in Mathematics,Low,-1.551502383707945,0,1,0,0
BELGIUM,MBA in Business Administartion,High,-0.2563785323955046,0,0,0,1
BELGIUM,MBA in Supply Chain And Logistic,Medium,-0.3335687513709249,0,0,0,1
BELGIUM,MBA in Executive MBA,High,0.5961750102404096,0,0,0,1
BELGIUM,MASTERS OF MANAGEMENT in Marketing,Medium,0.3406517365494182,0,0,1,0
BELGIUM,MASTERS OF MANAGEMENT in Management,Medium,0.0843524368905214,0,0,1,0
BELGIUM,MASTERS OF MANAGEMENT in General Management,High,0.8887198420234214,0,0,1,0
BELGIUM,MASTERS OF MANAGEMENT in Global Management,Medium,0.4680001107223231,0,0,1,0
BELGIUM,"MASTERS OF MANAGEMENT in 
Finance",Medium,0.1734962988115548,0,0,1,0
BELGIUM,MASTERS OF MANAGEMENT in International Business,Medium,0.0523310775460969,0,0,1,0
BELGIUM,"MASTERS OF MANAGEMENT in 
Information Technology",Low,-0.5405206500229857,0,0,1,0
BELGIUM,MASTERS OF MANAGEMENT in Business Administartion,Medium,-0.473921327305758,0,0,1,0
BELGIUM,MASTERS OF MANAGEMENT in Economics College,High,0.5559085359978543,0,0,1,0
BELGIUM,MASTERS OF MANAGEMENT in Entreprenuer and Leadership,Medium,0.2932506517645794,0,0,1,0
BELGIUM,M.ENG in Mechanical,Low,-0.2273358257935341,1,0,0,0
BELGIUM,M.ENG in Electrical,Low,-0.5539968131565433,1,0,0,0
BELGIUM,M.ENG in Architecture,Low,-0.8989281088478748,1,0,0,0
BELGIUM,M.ENG in Civil,Low,-1.2177665870335317,1,0,0,0
BELGIUM,M.ENG in Chemical,Low,-1.26919308324259,1,0,0,0
BELGIUM,M.ENG in Agriculture,Low,-1.476952069109832,1,0,0,0
BELGIUM,M.ENG in Biology,Low,-1.5468842653615609,1,0,0,0
BELGIUM,M.ENG in Biomedical,Low,-1.4995754580722105,1,0,0,0
BELGIUM,M.ENG in Materials,Low,-1.4664592929696654,1,0,0,0
BELGIUM,M.ENG in Nuclear,Low,-1.6361781621982805,1,0,0,0
BELGIUM,M.Sc in Physics,Low,-1.754377377907468,0,1,0,0
BELGIUM,M.Sc in Chemistry,Low,-1.799367281976229,0,1,0,0
BELGIUM,M.Sc in Biology,Low,-1.8480740082233795,0,1,0,0
BELGIUM,M.Sc in Psychology ,Low,-1.8821687165963843,0,1,0,0
BELGIUM,M.Sc in Environment,Low,-1.92302230857494,0,1,0,0
BELGIUM,M.Sc in Data Analysis,Low,-1.9467123818593317,0,1,0,0
